Date,Volume,Open,Close,High,Low
2023/11/08,52355127.224486455,2.539518295661951,2.6502087210852467,2.709323578605647,2.5331246152846107
2023/11/07,47939625.48760809,2.4431140682541597,2.53962035106933,2.589651165031023,2.371223515168927
2023/11/06,13143404.576226048,2.2730532704718716,2.4404157681063925,2.4707031627948366,2.2730532704718716
2023/11/05,6239786.184801566,2.243555547977204,2.2714985777875025,2.298388901397292,2.237974188867615
2023/11/04,7398260.453406438,2.2628949043371978,2.2405352295032026,2.271675737259156,2.218343050694228
2023/11/03,17611365.681374162,2.2328115209477826,2.26307435609264,2.265350520101244,2.183060578298984
2023/11/02,47906346.625297725,2.206817118107636,2.231809524534684,2.2869128956079123,2.161845339931712
2023/11/01,28591682.307201147,2.2244218450819635,2.20540652985773,2.2377263724319096,2.1235121727403894
2023/10/31,53267340.53127212,2.1195253118162753,2.2238894944218153,2.2681753913090246,2.1166361003754575
2023/10/30,20137223.255168986,2.0712637729444263,2.119554799279027,2.1287465698284005,2.055696486654098
2023/10/29,2754756.5537466477,2.0366758896613217,2.0707460699830174,2.088569582223346,2.0212535864347014
2023/10/28,4133756.737175482,2.057647379283632,2.0350113562646484,2.071169746055371,2.025482291160775
2023/10/27,10848567.191791043,2.1250333653699696,2.0546075635041787,2.1250333653699696,2.024811981555889
2023/10/26,35854986.78522331,2.1418160700115796,2.1253391861132487,2.1836832089275355,2.0588970927882726
2023/10/25,34814008.05552031,2.127396269619568,2.1380026283705327,2.1659611299632067,2.1155899984613327
2023/10/24,40667496.556559086,2.176204674655527,2.12633025787833,2.2598384966527374,2.100845315272879
2023/10/23,37515509.39481769,2.1890934647023266,2.1744398535928733,2.2316711298219385,2.1232265393168
2023/10/22,6697445.442145069,2.120505539052371,2.188374317172971,2.204439564426093,2.1074893528999925
2023/10/21,5117727.910074462,2.0780346025366474,2.119727836403951,2.160098902521566,2.0722815210173486
2023/10/20,8429649.847698245,2.0674528993042838,2.0796509247246138,2.139465951603334,2.0582482947424023
2023/10/19,22852780.431526918,2.0452364027014216,2.0676806575993494,2.1418920107453734,1.9930802059322943
2023/10/18,26545034.42046321,2.104328694716477,2.045611092535003,2.1621434053299393,2.023169954139732
2023/10/17,25206642.838075142,1.9592246394785513,2.1018621340698065,2.104593282631543,1.9416722014724075
2023/10/16,6595660.014252161,1.9250777840692042,1.9585436812227919,2.0104696717964927,1.9211478061817973
2023/10/15,7805432.171193461,1.9161844511137798,1.923832344840604,1.9413791349576233,1.913185236525829
2023/10/14,12022136.9425187,1.9341050341688295,1.9151191105371155,1.956627126057469,1.9104420015804116
2023/10/13,15325754.329059819,1.927396306238782,1.935957660631314,1.982300460688345,1.9256275321749254
2023/10/12,12093540.604487764,1.9876963487292691,1.9276629258918239,2.023381460875427,1.9098780742618424
2023/10/11,11044546.276233282,2.00265241480117,1.9887704709299183,2.0280927146726024,1.9680510029656986
2023/10/10,15362024.533500884,1.9778788552992164,2.0031599699821525,2.0356037944746026,1.9568676216290097
2023/10/09,14898561.74413304,2.0469549117552996,1.978135533471553,2.0780393458841444,1.9529019022049081
2023/10/08,9742832.17303301,2.058961182203207,2.0502632521817183,2.0936039126816994,2.017090316008763
2023/10/07,13637462.313852483,2.1402707069434883,2.0592051771392543,2.152203049200759,2.052149840150959
2023/10/06,8246162.492887345,2.0534289019083873,2.1404299911956746,2.174662963027702,2.0519932389919853
2023/10/05,11381815.532900367,1.9525480199675003,2.053257833467033,2.116599882914605,1.94538330871599
2023/10/04,5710086.151822852,2.0380939108282647,1.9526539169726789,2.0398577908444357,1.9350886551147297
2023/10/03,5486345.817341886,2.017307124017344,2.0375378142375995,2.0662786586625423,2.0022902390980284
2023/10/02,31693595.60660513,2.13149553547621,2.0214473780803544,2.154275331977288,2.0111570748741725
2023/10/01,16225192.24921203,2.106474416517551,2.1290484079259606,2.1474574891319063,2.0569297674991383
2023/09/30,16620868.365000514,2.1601423698821884,2.1077560339270045,2.1962844939718873,2.1006631502898516
2023/09/29,22428853.42682007,2.236478393512897,2.1589147412732825,2.249556769765228,2.1520373940544184
2023/09/28,28955792.923697628,2.1609274972908805,2.235873973017392,2.3066122257575623,2.126342353229932
2023/09/27,25570136.945301358,2.107029453776046,2.1622482428927063,2.2830682205716846,2.084149635747768
2023/09/26,19157498.238088366,2.14368188159258,2.107930948587679,2.1924956667382665,2.105212939271087
2023/09/25,19213201.99152717,2.186276649517683,2.144143264860979,2.2199412878794913,2.1391089027170063
2023/09/24,15695002.9883983,2.299165103989754,2.183456944156136,2.3026459068344454,2.1779030110427624
2023/09/23,16694975.31019244,2.2905386925429374,2.296949920837382,2.353609403930282,2.2761033716296426
2023/09/22,27726942.66000485,2.3554443007681614,2.28964381040723,2.3623863000180565,2.2748535814218283
2023/09/21,37202027.12029374,2.4028505392855273,2.357648980328901,2.420463098848702,2.3035099911329424
2023/09/20,38753544.81447321,2.5731667128473,2.4047612930103797,2.5731667128473,2.3962228608989884
2023/09/19,43125111.21565727,2.392296547026316,2.5747059396732506,2.5930966198163277,2.3914428968944743
2023/09/18,43545711.35939355,2.3202452790525596,2.392395359992144,2.5252655199907026,2.2832408532934463
2023/09/17,32981168.60781231,2.4001762323137483,2.320244853771476,2.4824297579102037,2.270160322759246
2023/09/16,61656452.031942524,2.1100704007337066,2.401979899872513,2.5291212486977748,2.074646950626638
2023/09/15,39560633.55701403,1.9179738512631144,2.104740815741402,2.247315355109593,1.8933225560220022
2023/09/14,26923092.160530504,1.8915733313415393,1.9176946623625686,1.95166202006576,1.8571145884657563
2023/09/13,39882286.35428292,1.8147131210898206,1.8924688863672288,1.974594137745451,1.7722966549935506
2023/09/12,35547798.78429878,1.6493392233612072,1.815109119748805,1.875590567596215,1.646642584382976
2023/09/11,17666655.110262584,1.7175435655774995,1.6480154934113773,1.719260495516215,1.6070606318837788
2023/09/10,12707687.806981962,1.7657605693771,1.7169382231882124,1.7838108459358955,1.7077126730412295
2023/09/09,11497175.026764724,1.7772371097441797,1.7657919215763076,1.8111588789396669,1.7656645050044453
2023/09/08,16478690.634788021,1.7995139075003561,1.7769943703160984,1.834830146455194,1.76733945834855
2023/09/07,17468405.520086948,1.8204506568885896,1.7983685154525095,1.8823891679240292,1.7940104819749378
2023/09/06,17961260.17376558,1.7874545941789897,1.821350573776991,1.8434442902121189,1.7208346782450934
2023/09/05,20744289.81291701,1.877110888449332,1.7881171832879406,1.8791565271700363,1.737794116693641
2023/09/04,17318013.68728549,1.887785514904208,1.8815594984758621,1.9364838846404138,1.858301714677231
2023/09/03,24435326.084987488,1.8589865476280651,1.8879851983170077,1.894752330714952,1.8385472194466383
2023/09/02,28837853.926336497,1.942270889786655,1.8564700381753911,1.9562589279215201,1.8483034011631345
2023/09/01,38979928.664089605,1.7481843567216186,1.9485403942222475,1.9727554467300061,1.713812497879563
2023/08/31,22598136.138455063,1.7196550162437956,1.7489117936254284,1.7568188446652375,1.6733699724392843
2023/08/30,28454336.68114669,1.7170733873682011,1.7190014265366322,1.7684058770725501,1.6739920511878286
2023/08/29,27370186.364489496,1.5215768866395603,1.717497136646824,1.753578097485601,1.4933275653976175
2023/08/28,17774759.791772906,1.5128934492125485,1.521071531943595,1.5235668463717467,1.4601573715246317
2023/08/27,21196403.96133284,1.4643860622788096,1.5137876424557652,1.522195266688058,1.4624001158835476
2023/08/26,19204228.523205694,1.4293889138064337,1.4643975400766165,1.4755549385805684,1.4233238614063934
2023/08/25,24328031.873962533,1.408858512719296,1.4293141270529746,1.4383945850859259,1.3925917392305225
2023/08/24,24089237.456863627,1.4261741995900403,1.4081701929771473,1.4496596611157424,1.3934753948470957
2023/08/23,24689994.829779673,1.3810305348803902,1.4260751742401896,1.4394972155117105,1.3732428868466828
2023/08/22,24462826.532920614,1.3628704862740357,1.3793163712211078,1.3930822139039947,1.3341665963244802
2023/08/21,21907129.290250476,1.3831954394007575,1.362392587980212,1.3861904905040443,1.3269960023768388
2023/08/20,18127887.604952846,1.3467249011106321,1.3808596262421553,1.4170332309859106,1.3418981062890656
2023/08/19,14023592.114815664,1.2758622944294495,1.3468266044629689,1.3530205919578946,1.2745081359174355
2023/08/18,14057920.49368644,1.3259779351500995,1.2757496509452206,1.3550683869841411,1.2508009398084994
2023/08/17,14590767.780320263,1.399650899876992,1.3230085176181032,1.4701831031769486,1.306243843182349
2023/08/16,23560337.47180746,1.4925065112068538,1.3997476394899528,1.5138285897930546,1.3924932126064304
2023/08/15,30626903.58468248,1.4376497452913704,1.4934923399580915,1.4940465024977208,1.4376314430182158
2023/08/14,35758577.126982234,1.4202734768862504,1.4375097478406815,1.4862477745685294,1.3689359703836068
2023/08/13,29954444.846776187,1.3767799712969575,1.4222778799760614,1.4584631567658328,1.3585048640121942
2023/08/12,24694125.68291068,1.30004303121742,1.3759994704808511,1.385637599583188,1.2948056720043501
2023/08/11,22187030.041740887,1.2589148683258893,1.3003866988438375,1.3087784780909715,1.2449044782276928
2023/08/10,18984011.474449497,1.2584976604622522,1.2582639629996488,1.2900858623921134,1.2495361679354131
2023/08/09,21506516.0938973,1.2738585587765563,1.2598071936342763,1.3027070656445199,1.2425506423117425
2023/08/08,23989056.12380591,1.2114216289616753,1.277038976980234,1.2983895359631952,1.206349791684646
2023/08/07,23599568.970245667,1.2091829900394253,1.2102138782668308,1.2173060395878952,1.1955467055817606
2023/08/06,20611082.57732386,1.1961015813934295,1.2091870997041099,1.2109716305125782,1.1930801632006538
2023/08/05,20753342.05469268,1.2046525539201793,1.1958496172580628,1.210216989343907,1.1854728565830714
2023/08/04,20783438.466483638,1.1744811653915315,1.2048702153227322,1.2133195481891568,1.1735817190509352
2023/08/03,22782586.3465246,1.1956605523989148,1.1739770223289416,1.2103972412109059,1.1690104832239572
2023/08/02,19937916.446665827,1.207997976662261,1.1926705835110931,1.217538840510837,1.1878726950961944
2023/08/01,17637129.892954256,1.19792826611645,1.2073728112839892,1.2084017146640136,1.1693421226274876
2023/07/31,21226532.843564533,1.2101634216181134,1.1966398914606635,1.2187282044260386,1.1901070636961864
2023/07/30,37017088.21889926,1.2034521130989502,1.2097193066726812,1.2325892908463234,1.1703320211450179
2023/07/29,29057352.043815907,1.2805762669124843,1.1990075148687538,1.3023038725649767,1.1848428459134674
2023/07/28,30681764.701751545,1.3233486598473823,1.2846378458173688,1.3624871536025087,1.253768220027502
2023/07/27,33692480.05984459,1.3549520392787449,1.3212062703959704,1.3688604466541763,1.2882622656423837
2023/07/26,31891465.202086806,1.4292312938294642,1.3560033820863144,1.4386905015004665,1.3519630502870503
2023/07/25,26865479.09893725,1.4098088385871959,1.4292359107959731,1.4431989952062136,1.3862308648551558
2023/07/24,30280719.526223585,1.4560886295167472,1.4094044640364773,1.4660322009806515,1.3673836407980395
2023/07/23,29907521.148751363,1.4886707647490236,1.457401264017051,1.5208376430577473,1.457401264017051
2023/07/22,32051408.302054737,1.423160225155575,1.4908503102321526,1.5353144029639871,1.4118640857671867
2023/07/21,32616463.858452927,1.397652540850347,1.4236184340914035,1.4738478631347995,1.3951056823088488
2023/07/20,31339599.42718095,1.3648513600430374,1.397641068695695,1.4089411132227185,1.3555415540628875
2023/07/19,648859.0715280029,1.3877950980393192,1.3646524120542964,1.3951812713787715,1.3492462215031567
2023/07/18,1313794.2931679536,1.3522318023429507,1.3870577051910502,1.4344597275507707,1.330301346230293
2023/07/17,492809.412553034,1.3548836661574137,1.3502140604392217,1.370887670723267,1.3394191106115492
2023/07/16,338316.24108749494,1.3572585328315772,1.357299255932249,1.3736490000443502,1.3479987802117606
2023/07/15,408474.45290528523,1.3662735731902402,1.3622791718294294,1.3682741279684254,1.331522244258057
2023/07/14,686533.7189931233,1.3613321979098048,1.3642806695584118,1.3738664872567214,1.3306497911601174
2023/07/13,718527.7883629982,1.3161186403519112,1.3604567618499956,1.371323484746589,1.3077350708328508
2023/07/12,387335.01069332997,1.335576216111294,1.3161183852326084,1.3487973112396865,1.3131418229608272
2023/07/11,474276.3080729176,1.3699214162109021,1.3393897439549047,1.3778640092831953,1.3338192205406452
2023/07/10,227767.8143088941,1.3645839048691184,1.3696437166536908,1.387444047534177,1.3537239281768598
2023/07/09,326739.1676674218,1.3775101786137232,1.3662404784062017,1.379621194963297,1.3478301001960675
2023/07/08,309088.21495469316,1.3821562426032343,1.3775313613578795,1.39785643460394,1.3736980454937795
2023/07/07,480707.66739859746,1.3553641092781612,1.3797134017788524,1.3849916964856157,1.3249930041537645
2023/07/06,602429.8324627832,1.3779223819988953,1.3566464739183934,1.400088095457165,1.3543864428850092
2023/07/05,416131.3757239441,1.388481409368052,1.3788084333250616,1.5462659021688112,1.3688550831221322
2023/07/04,447507.9266697627,1.4437628302849823,1.3888696353375585,1.4450586817261888,1.3792045346530535
2023/07/03,388602.9023156869,1.4317613994145322,1.4370222013550131,1.4529486589064156,1.4220237015602595
2023/07/02,683607.0008839824,1.4061220365593496,1.4347726971819732,1.4573025449537342,1.391828374906926
2023/07/01,680603.6851760721,1.3631559016902124,1.4101591122441295,1.410999091157744,1.3565193756931293
2023/06/30,841446.4395858939,1.3463507671499007,1.3626781968924648,1.3725935057439496,1.297382369158759
2023/06/29,304763.8343420306,1.3735583664754167,1.346426872549686,1.3843817599178005,1.3444264928748557
2023/06/28,432957.9177466127,1.3902762516329716,1.3737176867201553,1.4103522280957932,1.3697788262917807
2023/06/27,693562.457884345,1.4394553750062027,1.3971600926217196,1.470679630337733,1.3971536243791765
2023/06/26,1005426.7738260485,1.47393417176376,1.4394553750062027,1.4893225138242752,1.4206698998395606
2023/06/25,918677.7641931876,1.4188158075489494,1.47393417176376,1.505189914951323,1.415385526159196
2023/06/24,450232.9011543203,1.3927545784385225,1.4191721892904336,1.4197669766129248,1.3921962877615197
2023/06/23,669016.4604175414,1.3779698439100116,1.3919905877854868,1.4355633296823216,1.37624512045216
2023/06/22,795773.9790619656,1.3749477562670838,1.3782298638568184,1.4186463458713277,1.3602732065553007
2023/06/21,749395.7225095343,1.3901580336180375,1.374919290317448,1.418794202582971,1.374010949544829
2023/06/20,615463.4098074401,1.4058621012343244,1.3903171424346683,1.4066660186683329,1.3668022529525732
2023/06/19,448938.00364765595,1.4217872333911032,1.4058621012343244,1.4265474598784276,1.3935984433308362
2023/06/18,424856.12148561864,1.4104502497650753,1.4219450356112207,1.4360303934865004,1.3967518415916613
2023/06/17,406672.55880006455,1.406907587064734,1.4105923559977778,1.4378965099399945,1.4011688005213179
2023/06/16,546271.8362769219,1.4000882979603337,1.406907587064734,1.4168752229221064,1.36356344324895
2023/06/15,901737.1413520437,1.4016170312777652,1.40021246615924,1.4120810244582878,1.3567098037180205
2023/06/14,1051828.3478628886,1.5105594094556978,1.4024705890225173,1.525310259678002,1.355361687559415
2023/06/13,415189.80102476676,1.5209791798397327,1.5105594094556978,1.5284458991447794,1.5058860361381154
2023/06/12,1092095.9339558606,1.5073384435765635,1.5210479018524956,1.522519765298522,1.4666707659692648
2023/06/11,760599.9822874056,1.4877719882215832,1.5072013687415984,1.51706599790572,1.4375525168878285
2023/06/10,5390073.210168253,1.7076880149410596,1.4877719882215832,1.708639222985728,1.033968377731229
2023/06/09,894059.1954098936,1.6746064838907875,1.7074688591662692,1.7178373811151744,1.6680270177923977
2023/06/08,773338.0701719148,1.6357820474671732,1.6735476381435974,1.6904458635749497,1.6329209334910513
2023/06/07,573943.0770040437,1.6724106641991519,1.637635051214359,1.67414771683,1.6276083774436896
2023/06/06,630036.860632358,1.6619143349499688,1.6718824631689977,1.6771244462871526,1.6508327082263405
2023/06/05,809003.1500561865,1.7518436335218466,1.6620799814466953,1.7531902888996007,1.6473088285217015
2023/06/04,288797.98592693626,1.7368760519192739,1.7502534033080899,1.757185090695672,1.7335993760628936
2023/06/03,531388.6240543348,1.743652605308878,1.7368484145874856,1.7715426007538542,1.7297434588900396
2023/06/02,1062170.5052530912,1.771636445064863,1.7432111974360414,1.7942667110914041,1.7059037372812655
2023/06/01,640862.0279915105,1.8373416798592526,1.7717858694183053,1.8397988681683333,1.7712042454424508
2023/05/31,630891.8182466951,1.863244480779054,1.8372034280049787,1.8646480366965046,1.834261139999826
2023/05/30,907581.314622126,1.8463435548905647,1.8632438865098426,1.884046022656381,1.8365224222301642
2023/05/29,712627.2213022419,1.922523691597903,1.8468873187022385,1.9306533368421646,1.8386761683105843
2023/05/28,408189.04089463654,1.9326738079403711,1.9230344406653002,1.949460796089639,1.9144164237883452
2023/05/27,591761.6702114848,1.9153514369823028,1.9326568486978988,1.9369615628336976,1.8934229154474067
2023/05/26,761742.7315781625,1.9195135983146703,1.9153698439076483,1.9243794912394692,1.8877538619603889
2023/05/25,479102.440437887,1.9702469349733782,1.9197555096804735,1.9762783735181924,1.915990673891942
2023/05/24,844503.8103387186,2.0243067194518454,1.973273349754633,2.034577161694303,1.9506711988608105
2023/05/23,1316342.0594157376,1.849464007823157,2.024333952335562,2.0667844156973234,1.8456656724797842
2023/05/22,479248.46352823946,1.8341374520720344,1.8496250590067622,1.8497505565473087,1.801051071910786
2023/05/21,375891.0539058525,1.8661123902079702,1.8347899475643583,1.8782778730460936,1.8332052756851365
2023/05/20,236960.9241039339,1.8840583472669754,1.8658692131847807,1.8921514553012528,1.8658080161017454
2023/05/19,557732.0595262193,1.9100286534612634,1.8840597496078615,1.9105619896415085,1.8840542940656695
2023/05/18,682709.877421265,1.9621962961101171,1.9100286534612634,1.9711194334429234,1.888365113105459
2023/05/17,588152.9106325832,1.9969979461555427,1.963003675399253,2.0091655879101946,1.9561303925647961
2023/05/16,679403.7226443337,2.003895953933834,1.997005954813806,2.0083625630613007,1.970616566112143
2023/05/15,1339727.861137451,2.003685907367888,2.003536053533902,2.0190600861399464,1.9475676446439822
2023/05/14,1007645.7064450984,1.879453072598373,2.0048433325678423,2.01036013707022,1.853535737868889
2023/05/13,880292.3659154937,1.8587472387165984,1.8794464099764472,1.8906218445820795,1.8242505444878945
2023/05/12,1951462.030526807,1.946606662526057,1.8585477937457608,1.9484117062930741,1.77467398624374
2023/05/11,994337.3639421611,1.990697553838928,1.9466428241041789,1.9955000269407523,1.915425846715421
2023/05/10,970432.6600098354,1.9902714545137812,1.99069352913464,1.999376620008209,1.9425250557661515
2023/05/09,1887704.8832810454,2.046544845686228,1.9901029032746245,2.053012448112922,1.8893273253269682
2023/05/08,1058676.6573203935,2.05156920102668,2.047722752748359,2.053633187437777,1.98505699854372
2023/05/07,725106.7381718527,2.089465286075025,2.052474111588935,2.0970247703523417,2.0496830561292834
2023/05/06,679116.3458207696,2.098380728652243,2.0894663686600943,2.1047887828138108,2.0557223412836754
2023/05/05,857751.2014974015,2.099617973902821,2.098334689352562,2.133997791905144,2.0681723723056256
2023/05/04,1631451.6380106779,2.040266535586953,2.0995376881730703,2.101511101530116,2.0241749364566597
2023/05/03,2116385.3707987196,2.1095765812317793,2.0392977185123886,2.132844940672105,2.038559243682759
2023/05/02,1238145.3065921066,2.090662917613226,2.1095419917876153,2.1172010438037576,2.072353348685187
2023/05/01,1985253.134900289,2.139196598240914,2.0908466866487156,2.1829297185037353,2.080296406209717
2023/04/30,1139819.033567463,2.166798240658652,2.139247636788289,2.182723257239462,2.1235582829831974
2023/04/29,940706.5923269128,2.148864571111889,2.166751758581823,2.1778016501298016,2.1390884891622384
2023/04/28,998533.1316125051,2.2124277887058703,2.148864571111889,2.2124277887058703,2.143726009638299
2023/04/27,1158351.5279148398,2.230600315010749,2.2123947612416424,2.2514216668883305,2.189259099919767
2023/04/26,3058170.9294216437,2.290687937927703,2.2308285713567515,2.290687937927703,2.2039320849641997
2023/04/25,2169463.015670774,2.2985126687112523,2.2907090515278044,2.3080719900593287,2.248076657829124
2023/04/24,1648622.9965745173,2.329029573952337,2.298390966484434,2.3365548273912227,2.273670397969249
2023/04/23,1539658.7071470183,2.312343771346781,2.329067758069819,2.3401178869897667,2.2960370648815043
2023/04/22,1687900.733949163,2.2620194884765503,2.3127168752819918,2.315839189815141,2.248475044469844
2023/04/21,2674019.59435274,2.272020229080899,2.2621086183669155,2.32523140977422,2.2430026128594767
2023/04/20,2629984.6424659817,2.271608315903533,2.2717456787067607,2.2996133226966333,2.2351850566468308
2023/04/19,1709661.8444110272,2.315940153222507,2.2709698300647365,2.324681428358911,2.229819310519468
2023/04/18,1077648.0284170394,2.2931380005478785,2.315842993895894,2.3280319190086614,2.284734440831422
2023/04/17,1399224.9299133036,2.359692456017791,2.296445620381873,2.363202394381674,2.273809523008534
2023/04/16,1166796.0004138702,2.353621510320705,2.3594288901270826,2.3838101092660766,2.3373853272439855
2023/04/15,1822022.7147457607,2.341499693430391,2.353689858836022,2.373181500045832,2.303369689551441
2023/04/14,1934935.8462262368,2.2721118233766795,2.341499693430391,2.3611910379883043,2.250214064596142
2023/04/13,1364800.5472978377,2.1928895827299097,2.2707851014345537,2.2740367288445884,2.1837317558269898
2023/04/12,1859326.227024214,2.226515954431578,2.1930022403736857,2.226515954431578,2.135501225236452
2023/04/11,1749807.3320295399,2.209736273392285,2.2280339164303182,2.241439476741258,2.1919801042682154
2023/04/10,1129481.9103444538,2.224949803040957,2.2088379725692544,2.2298873905029257,2.165185619873171
2023/04/09,389984.81886690145,2.215039917766944,2.2246072030905903,2.2461935071625523,2.209475293118075
2023/04/08,439916.91099338455,2.2408653122994626,2.2148792255493004,2.2698212281207972,2.2023818100162575
2023/04/07,857163.4073357615,2.2572490574374267,2.241792343794239,2.2608977455469565,2.200116688278059
2023/04/06,649225.9879965245,2.32296333748801,2.257289935769766,2.32296333748801,2.2520402273096822
2023/04/05,887949.8012687262,2.267425671342424,2.3226311037181806,2.3281392710451305,2.2669100752217366
2023/04/04,924225.7881789709,2.245847608904473,2.267417644030774,2.3025661373161905,2.2251667658490946
2023/04/03,939961.9010829765,2.261701555697094,2.245843849768619,2.26422746323813,2.181281171028863
2023/04/02,779849.5088148869,2.26407858547348,2.2647588239808085,2.2911039065937326,2.223063516236892
2023/04/01,724832.9022463949,2.2559543658304877,2.26407858547348,2.271921454305235,2.2267351671663524
2023/03/31,1317583.6452371867,2.087278769618679,2.2557370346425714,2.277244407726459,2.0754836120454505
2023/03/30,842948.8734231673,2.1234252285654494,2.0876645098134863,2.14309562404665,2.0647333705094617
2023/03/29,1464976.8573315255,2.104723749566827,2.1235421738046374,2.1780829629362084,2.0749784792392743
2023/03/28,934005.8363194499,2.087406400769262,2.1156822304362746,2.126574069738229,2.033927312689536
2023/03/27,1342010.5953874197,2.1183936880720537,2.0869576395158953,2.161241796294319,2.074219615035549
2023/03/26,2486428.909330202,2.092476233644505,2.118329372671439,2.1419154231759037,2.051509201670507
2023/03/25,2791453.233407031,2.096029771025943,2.093854833400037,2.134685828508998,2.045611114914738
2023/03/24,3537876.837530031,2.1857018011336793,2.092142916638878,2.1857018011336793,1.937781030686028
2023/03/23,9605207.739387607,2.3764326234574007,2.178587068870774,2.3839703708040196,1.9055098876965704
2023/03/22,3266108.739439158,2.4127320953644604,2.377235145273769,2.4573753434908294,2.3728379560566313
2023/03/21,2684494.485237887,2.3924963272241753,2.413690478084244,2.420080719530358,2.378766350057311
2023/03/20,2561587.9366435115,2.4076795937214475,2.3927105245804605,2.4076795937214475,2.359348480201215
2023/03/19,2681106.3377334503,2.411380429685062,2.4077334839675846,2.439314205757473,2.3555027456105937
2023/03/18,2515806.7287397673,2.469452516355194,2.41067724422173,2.488935999644696,2.4102991583596873
2023/03/17,2798481.525086094,2.4406334970525254,2.466389864554576,2.492668234771329,2.4178751501378217
2023/03/16,3546719.366074664,2.4661478862443036,2.441621573669011,2.489103749776102,2.410153153325268
2023/03/15,3391460.7958485666,2.4368693937253374,2.4661478862443036,2.4711576338443373,2.3836425795701284
2023/03/14,3947439.841169357,2.4225067868596635,2.4367266307523194,2.4626982250428364,2.405978526593506
2023/03/13,3196860.5245700697,2.3751836176992036,2.4225205823118725,2.427942634542935,2.34963381371934
2023/03/12,2572968.0865853513,2.252730541950853,2.374308236755971,2.37756134732896,2.2224801045790654
2023/03/11,3167618.0907585216,2.2329914358108978,2.253217937383162,2.3378315905657847,2.21847133016694
2023/03/10,3254698.8049958744,2.322525240807171,2.2329864688776855,2.3427339005126067,2.2119043708862023
2023/03/09,4464902.209741561,2.363502741066881,2.3217362038874567,2.4265526104302615,2.2637545040070712
2023/03/08,3618075.3337597293,2.306729836852275,2.3652180622577643,2.3803389468162255,2.2287970348210346
2023/03/07,3426017.394482918,2.3835761307352037,2.306860839333175,2.4076837468838272,2.2662588615200145
2023/03/06,2690286.22021666,2.392195610957638,2.3841105611981916,2.423820549935607,2.3594610837857237
2023/03/05,3448293.838706715,2.36029430972567,2.392395272397761,2.395974858762055,2.311931639687981
2023/03/04,2919684.7777298596,2.3886684606648965,2.360412385197955,2.445505426721552,2.348571703674985
2023/03/03,3461528.6332441783,2.4166936621063533,2.388733445548152,2.4392774692402184,2.347390806324419
2023/03/02,1748623.7899300107,2.5293983133762747,2.4165977518486716,2.5339192696756765,2.403524013594795
2023/03/01,4674606.994239176,2.508987498490006,2.5309539612764054,2.5774153986052495,2.493012184134373
2023/02/28,9855598.488082835,2.4509706507054903,2.507727829968048,2.5614095471322376,2.4389526131565638
2023/02/27,7579980.60603524,2.416011979400964,2.4509644674121107,2.4572926672043427,2.398895259111372
2023/02/26,7012984.057184019,2.392332989823486,2.4177486935925363,2.4579971533417826,2.3723201949105244
2023/02/25,5799163.390430319,2.3500117307473802,2.3915464232010435,2.393279778490691,2.3347203147944358
2023/02/24,7773263.373333789,2.4511246659268693,2.3473815116368586,2.4727455164992556,2.3408705877074807
2023/02/23,9477560.654880155,2.465848720518913,2.452477900234653,2.5673089736103787,2.412547983875916
2023/02/22,7990402.885512466,2.356388613820431,2.4663655602768544,2.4945991078742047,2.3149167731896894
2023/02/21,5256069.693270054,2.3693961066484026,2.3560801429862943,2.4169154079368504,2.335187524277598
2023/02/20,4776318.9848232865,2.344788370541243,2.3700397726524276,2.3817559484171182,2.30955186101776
2023/02/19,4075703.209491064,2.3592340792407915,2.3445630100531636,2.366817347801572,2.3238244084752475
2023/02/18,4496770.307692813,2.3074969861790784,2.3599076103392775,2.36952532790475,2.3045331310932555
2023/02/17,4460403.0459937025,2.2971609516683733,2.308318607969301,2.3323281772880504,2.2912564313184536
2023/02/16,5324195.75373861,2.34088384684795,2.2972512459022942,2.3952348319196135,2.2961235515473333
2023/02/15,5023822.379321445,2.2958561682800704,2.341697302421065,2.345859941719326,2.259461096177664
2023/02/14,4860337.760247814,2.317222386959979,2.296821026185158,2.344317728257037,2.262243706993444
2023/02/13,6146410.354325606,2.3078730349405037,2.316860111669182,2.379392250422277,2.2128398833460565
2023/02/12,5149264.448923472,2.219173772774312,2.3100216705882994,2.342916548143826,2.219173772774312
2023/02/11,6038275.197584506,2.1676522446649313,2.219196555147881,2.2433458086615072,2.1603657856489717
2023/02/10,6952865.700102858,2.1963522288534305,2.1690669831334763,2.201394905263173,2.001597873510586
2023/02/09,6262977.228973743,2.2928340614364453,2.195636476163221,2.310513075044198,2.1916692303608527
2023/02/08,6816286.546536655,2.3619867480051946,2.2927437216190247,2.382797087097915,2.256425549950657
2023/02/07,7340488.404487113,2.270382136912199,2.363269086210483,2.383937627040117,2.269943618350853
2023/02/06,6021124.661442578,2.3052249896818244,2.270322254544598,2.32079715024494,2.2508428482827263
2023/02/05,6324724.430796959,2.3171556042100416,2.305537243185979,2.3697375869709862,2.269156170578485
2023/02/04,6130441.689596367,2.3737278708154106,2.317772620817044,2.3766765568778117,2.311631089210774
2023/02/03,6919880.5150911,2.3678772286226795,2.3737451233550524,2.3918932426127295,2.3219661217092105
2023/02/02,8105772.609128078,2.3979397159824587,2.3669617297221666,2.4930961831471095,2.341180741224025
2023/02/01,8378923.14016914,2.3097079570882135,2.394693609769842,2.423317833077175,2.263096589949409
2023/01/31,8357446.131813943,2.278663457543895,2.3085080834867675,2.329243061842506,2.2480659500673355
2023/01/30,9638349.242309779,2.471035361114405,2.279715197674801,2.486047871484945,2.2380085597973807
2023/01/29,9104842.522674743,2.4948616438786946,2.4693377648818977,2.558132336438021,2.432546645403993
2023/01/28,9990626.544091668,2.5568461543171592,2.4947751036384984,2.6440618302455667,2.4778135942180213
2023/01/27,9195699.288104717,2.392745372587308,2.5563358104891862,2.5563358104891862,2.374455162791954
2023/01/26,8373676.947166486,2.3324993338777356,2.3910871818207817,2.3910871818207817,2.318866586268655
2023/01/25,7733769.790147705,2.2807172861256815,2.3324138120122453,2.3721631751774117,2.227416608627406
2023/01/24,8420798.19367952,2.30013615712695,2.283215373722853,2.316879685887891,2.269406452610208
2023/01/23,7443942.886310809,2.273505360284892,2.3012816202329622,2.3166741784473333,2.2591929886949917
2023/01/22,8077833.260123482,2.2718102263346562,2.273043938732396,2.2916453399160326,2.24975828335952
2023/01/21,7241673.609252712,2.306951937372192,2.2720871118488613,2.3224825718770727,2.2525564541651715
2023/01/20,8750566.626977893,2.2479830435669004,2.305640408367123,2.31147042005843,2.1971649431817095
2023/01/19,9637866.160016958,2.223333020309099,2.2490800230220556,2.2847717417315656,2.2047766373772557
2023/01/18,9795139.962363958,2.3482715340370173,2.223347242532927,2.3931590154196507,2.220564398047483
2023/01/17,9524810.229535237,2.3078526886983624,2.345998681184236,2.385391244063482,2.280612001516106
2023/01/16,9730271.269896476,2.313130610959259,2.3107930374654675,2.3582015562083556,2.277405192649966
2023/01/15,10785862.28745964,2.271468275333041,2.3148837089884027,2.316129166681338,2.219923760548476
2023/01/14,10767073.41680992,2.2177421452823314,2.2717480413373745,2.386840665644035,2.2053315653651335
2023/01/13,9721566.065345738,2.177593838180673,2.216467585462474,2.216467585462474,2.153230638722857
2023/01/12,12580564.061308881,2.1843990354438003,2.176592199709244,2.2094955827172105,2.1471319129788515
2023/01/11,6525139.938135707,2.1229165746586465,2.183880177759388,2.191004159516262,2.0911994915922865
2023/01/10,2959954.9209001674,2.2101479330776144,2.122893732985463,2.2168084687313314,2.103273475956436
2023/01/09,4642466.923778651,2.182871814697708,2.2095032264296663,2.276745761326731,2.1758931555266847
2023/01/08,6284919.158059518,2.148702177259198,2.185781522329347,2.1986343075901655,2.142415493055365
2023/01/07,6104865.627974966,2.163897557004268,2.148986014809766,2.1806361304619646,2.136296479113257
2023/01/06,7287639.598715455,2.1839602958830024,2.1647723302144257,2.1916217269814138,2.1160602101991026
2023/01/05,6696575.360644926,2.235074087746993,2.1836913400899673,2.236349344986373,2.1650051158948926
2023/01/04,7305967.031705342,2.2124655044391384,2.235994698639753,2.264561306621828,2.196261224581516
2023/01/03,8656535.673094919,2.2344293752216386,2.2107667868399514,2.242679049331897,2.1210738069957147
2023/01/02,11422122.796479087,2.306050026387607,2.2344293752216386,2.312763407091231,2.0779126689242773
2023/01/01,8677292.155774888,2.179178059240996,2.303601891707398,2.347508159115171,2.1593888237883108
2022/12/31,7258283.819270584,2.1003737812710797,2.184099815151422,2.192011727346445,2.0690031579790915
2022/12/30,7588137.933865913,2.1108322455444464,2.1003737812710797,2.115380441788656,2.001305047929275
2022/12/29,9480042.077329094,1.9533347304373165,2.1106131231517993,2.2116980155166845,1.9390846298322975
2022/12/28,8387197.938298312,2.1600415455261817,1.9538569187292354,2.1610556504587217,1.9413809461126958
2022/12/27,7956901.579311129,2.3022038056348766,2.158442289396878,2.329337011899111,2.111358146050461
2022/12/26,8523342.304309906,2.4186310718405104,2.3009761022879855,2.4504615942345724,2.2856627813542962
2022/12/25,6836244.439422822,2.442385646821832,2.4192225265977845,2.4600672375314785,2.415098971213996
2022/12/24,8044512.643736403,2.380015590179076,2.4432914832981285,2.4763292603906595,2.3533337886601937
2022/12/23,8902950.131530566,2.3788097458331037,2.3800413018610738,2.4442514129007105,2.3604113506246907
2022/12/22,8716309.05374538,2.5037868753579824,2.3786229747431173,2.5577630921752013,2.3088056406154944
2022/12/21,7952116.022350424,2.3958685333018854,2.50364502635935,2.6053711377883353,2.3803618082585474
2022/12/20,14175482.712592388,2.274452290379595,2.3972205711212338,2.4834640563408032,2.2396403596534973
2022/12/19,9795350.618031533,2.67883514640214,2.2761931945094394,2.789907509425913,2.269563311451478
2022/12/18,12296531.778200777,2.5201231754397213,2.6744059900931445,2.7976783363402116,2.5201231754397213
2022/12/17,13604750.239625726,2.363243046301717,2.5230442376141755,2.5632622164119634,2.293922341277711
2022/12/16,16993111.24516905,2.2311250102671303,2.3648890771298903,2.56154458751401,2.2298042210899265
2022/12/15,16060636.37699914,2.456314371359852,2.229688627446298,2.5351403889759707,2.2020218046841045
2022/12/14,23852887.308401965,2.3402323474058795,2.45397293564532,2.894161039973805,2.3383126946796016
2022/12/13,16630129.218152009,2.095534633175096,2.3384283973182662,2.3864402670694687,2.075367221579931
2022/12/12,7024262.100550585,2.0372397601319188,2.089373216562279,2.137891046126,1.9567194220257993
2022/12/11,5858644.184327352,1.839467484082947,2.0325069316848547,2.1512603379187154,1.837487850677625
2022/12/10,4836601.207769359,1.8540176244958488,1.840204677697121,1.8713534649682406,1.818060403957738
2022/12/09,3746797.4939767374,1.818497068281526,1.85378915957131,1.8573761415348926,1.7996306938473572
2022/12/08,3351670.539994362,1.8171989618066267,1.8172385577680619,1.8499869764364845,1.8081790184690931
2022/12/07,7334880.963812079,1.8001465146070175,1.816328098094318,1.8763647354613475,1.787661014634298
2022/12/06,3821082.4300054708,1.8345966305643544,1.801325181576415,1.8636399156383001,1.7673169473748316
2022/12/05,2121479.475524706,1.8020118898266686,1.8370724750734189,1.8460521544328796,1.799370044990027
2022/12/04,1153505.765764442,1.8019006473974009,1.8020442276754212,1.8174666209735295,1.7923477169613262
2022/12/03,1529429.5503436525,1.7930390205045246,1.801689112552126,1.8096936893118003,1.7791485623665544
2022/12/02,1975265.890090618,1.8141911387299228,1.792990338448516,1.8246310284549114,1.7544264245901913
2022/12/01,14530446.327130988,1.763711891373189,1.8180828070060713,1.8226507295679637,1.742698163235901
2022/11/30,4766090.3026373815,1.7191221959906104,1.7563514491678947,1.891151682615284,1.7112069540357042
2022/11/29,4620796.0807776125,1.7187927272804786,1.7202090658280005,1.7335327342107563,1.708310140680733
2022/11/28,1512219.8639347935,1.7172206995784407,1.7083936890961453,1.726405817991067,1.6913583283945068
2022/11/27,1063195.2270261538,1.7071240378952244,1.7172226928300844,1.7271687104012723,1.6985021272357428
2022/11/26,1279456.1434454173,1.7103469790636456,1.7072974962098193,1.7317259660879154,1.6774962158507365
2022/11/25,1892124.4815624584,1.7350636571488547,1.709843764284799,1.7375695999080076,1.6675109072873768
2022/11/24,2415073.8361871177,1.7473490411750192,1.7362298173911104,1.758932079192919,1.6977430350309701
2022/11/23,1965600.554630142,1.725819953307395,1.7495852631876945,1.765255022653736,1.7204625958020139
2022/11/22,2368657.519479612,1.705232988160452,1.7293430615338017,1.749936635959172,1.6861602644611793
2022/11/21,2604210.6549138185,1.687494078386022,1.7038586136506342,1.767789297611668,1.680230868383528
2022/11/20,2653083.5213421513,1.7266983824249988,1.69390910338421,1.7896313772249932,1.6861480527881132
2022/11/19,2294638.3278424256,1.7832037145172597,1.7245731802569368,1.7988657647052975,1.6873654565265808
2022/11/18,4382293.7533886675,1.7802962428867541,1.784268151088562,1.810323883611245,1.6758450287003237
2022/11/17,4502234.9857870955,1.7236252114400106,1.7846838778768637,1.832438782132197,1.673183988797251
2022/11/16,3384213.495039347,1.679792388590977,1.7230152379492891,1.7722047540220671,1.6441820882793108
2022/11/15,2563032.2553466936,1.6657517851790968,1.6832520549901335,1.7248936071741683,1.6205229545588933
2022/11/14,4420669.231130595,1.6360172903716994,1.666819084304289,1.6883646439300217,1.5594415022216663
2022/11/13,4774563.840824601,1.5410007017209026,1.6360481556926536,1.7268987109371363,1.515048758760701
2022/11/12,6954418.393669762,1.3519386744965203,1.5404231197260871,1.5711414292253758,1.2940602090181756
2022/11/11,3999387.433208943,1.4818853014317368,1.3521769153987462,1.5650210420722734,1.3038670475720402
2022/11/10,6290333.465632465,1.338735474676148,1.4809610854669761,1.5186949575764561,1.3045730659799764
2022/11/09,6916185.724682634,1.5974256849853161,1.3415446886228979,1.5974256849853161,1.3402333111811204
2022/11/08,10183879.159615446,1.7757234023950106,1.5981526557725632,1.7770597733410443,1.549786288756725
2022/11/07,9590184.764236659,1.6010871459139644,1.7758720713259526,1.7758720713259526,1.5338266877025166
2022/11/06,5159196.604100832,1.6876489952177813,1.6019653969530374,1.7591201061006743,1.6019653969530374
2022/11/05,3947999.3673736723,1.67289509402009,1.6878342931298123,1.6889829753937713,1.6211206891674255
2022/11/04,6967724.646345775,1.6049414140866354,1.6718158574869422,1.6964833842758686,1.5968946217485256
2022/11/03,5476802.807106796,1.5543323212500488,1.60250546794419,1.6476256641335958,1.551267074713572
2022/11/02,8546109.22739359,1.639752766855268,1.5553012658232346,1.6765937017369628,1.5404287560229455
2022/11/01,11335851.290950002,1.5061113251742213,1.6401161784239595,1.644984528298112,1.4391774934150912
2022/10/31,4813251.673978683,1.6357693181044992,1.5061394730884932,1.6449146816276699,1.4976119991132533
2022/10/30,3060484.0404192763,1.573818004185349,1.636541101241788,1.641266436338562,1.5482150766100098
2022/10/29,4684300.689075602,1.680127898289618,1.573540545596297,1.6987875753795367,1.5601183837741968
2022/10/28,5108272.414276364,1.6431722018118702,1.6801246494016724,1.7055930228947587,1.6100041185575875
2022/10/27,23567381.628071677,1.9438671200933701,1.6431043335932949,1.988650043517692,1.5721698257586707
2022/10/26,20002132.5297941,1.8471870410042304,1.9427647306575102,1.9604910659111958,1.7112088631310198
2022/10/25,15707459.215073183,1.4480588374557462,1.8471713371929088,1.8519974901310008,1.4404497465077328
2022/10/24,3931203.1047902666,1.3969527661917378,1.4478045009271656,1.4574165621201782,1.3912069061366883
2022/10/23,1624494.8626042416,1.3759746347147608,1.3973373273715624,1.39940504657348,1.3462418626774464
2022/10/22,1965984.108021373,1.3936926293050083,1.3759400524139827,1.4239639580682226,1.36688035805708
2022/10/21,5010245.345995736,1.3489393249205044,1.3925899955208836,1.409304170187249,1.3329238760494821
2022/10/20,7743355.746361893,1.2239549229058,1.3510698935724663,1.3910124753810522,1.2227441255832765
2022/10/19,1601535.607166847,1.2533497575360704,1.2240349833692292,1.2577927921915426,1.223876517380834
2022/10/18,1586168.9888479244,1.252569671314598,1.253344267831759,1.2627838377244145,1.2434308037210546
2022/10/17,1241912.6134208394,1.2301039488141283,1.252212812583974,1.2528216717828702,1.2233123495937748
2022/10/16,1646470.6879877313,1.2413684409403078,1.2244525250251768,1.2470730419643286,1.212430215052277
2022/10/15,4413422.459901963,1.2497257032067481,1.240820483862671,1.2568447472018283,1.2285857917095695
2022/10/14,4819305.899644753,1.1982362441626064,1.2469533729274294,1.246980415505751,1.1979689049399815
2022/10/13,9520383.758908696,1.2200055832268797,1.198084564336289,1.2262627009155336,1.187951533832811
2022/10/12,5291065.4361179955,1.240468892450675,1.2199859711374375,1.2561616953225978,1.2189018282247546
2022/10/11,5619612.385189128,1.2600490356266238,1.240457894294463,1.2600490356266238,1.2383666288572777
2022/10/10,5383172.684845395,1.31966360661552,1.2599740352794186,1.3197088348450436,1.2599740352794186
2022/10/09,8869973.388428371,1.3449560585485494,1.3199608443801425,1.3575675461519496,1.303600219625794
2022/10/08,6831957.755970715,1.3687181816785445,1.3450642853920065,1.369906767499652,1.3187916594504383
2022/10/07,5580380.039993392,1.3854886706484337,1.3686625852825465,1.3953204636603636,1.3497997736698244
2022/10/06,5181138.561881107,1.4044643575666043,1.3855543193012574,1.416024768289587,1.3811398964027453
2022/10/05,6282525.6473262785,1.4012120177590845,1.4044733010673804,1.419075658975139,1.3898342925283576
2022/10/04,6826608.80782771,1.343045604877008,1.4012102892251095,1.4172783998482459,1.3390983337570554
2022/10/03,8345755.687686882,1.3564392902750357,1.3426547729951308,1.370892617219061,1.3261791309297788
2022/10/02,5251931.395236755,1.3861559216181658,1.3562196124494525,1.3982232093224698,1.3545400471406255
2022/10/01,7435493.555608875,1.3535305861541158,1.386376130366699,1.3868564036522617,1.344395450530843
2022/09/30,14957129.467927067,1.2982819904127778,1.3534840061697242,1.4049819928612477,1.2737591419074648
2022/09/29,8438439.726429148,1.3095185249329362,1.2983745649900582,1.3135156966579786,1.2740866239643593
2022/09/28,11396882.59422062,1.296695921452881,1.3087775115440423,1.3243883242266694,1.2679046313933307
2022/09/27,14706502.461847905,1.276078998716331,1.2966975589772003,1.32349608014876,1.2667380501018157
2022/09/26,9440352.003108298,1.2623704243793163,1.2765599640443301,1.2792003208018188,1.2428935408908455
2022/09/25,9565287.401614126,1.2835092732063311,1.262982986092083,1.3100812388787664,1.2480810881446314
2022/09/24,11435598.67792651,1.3489738982625958,1.2834345359051573,1.349157653455496,1.2826441040325887
2022/09/23,26136448.124743324,1.4683096696268756,1.3490402102518462,1.4852219576035355,1.2269795844752012
2022/09/22,16028090.983757477,1.3481110216446668,1.4659608442680794,1.4830336644904676,1.3255951230815526
2022/09/21,16394269.706625808,1.3905187456246062,1.3484602240988728,1.4201453717247627,1.3215685619221405
2022/09/20,17505088.718180433,1.4798016414419448,1.389521404150804,1.484251581196982,1.3655483804076518
2022/09/19,24813923.49110869,1.5776797457278613,1.4804545818728985,1.6238004393383472,1.4392096647070423
2022/09/18,8960176.580834543,1.6455766631874154,1.576692815035067,1.6455766631874154,1.572535389961422
2022/09/17,9847890.39387392,1.6396739481990286,1.6443329824117143,1.6461166206059297,1.5950335372987536
2022/09/16,13736548.39947669,1.6555882555500026,1.6394397901526097,1.6877248581155473,1.6353862342481051
2022/09/15,18039993.946280282,1.7218146241864971,1.6556938831388741,1.7585408317379385,1.6549837856524998
2022/09/14,16778198.486737534,1.7843599539058737,1.721882007561402,1.80668746397547,1.7114587797928096
2022/09/13,12872478.025889797,1.847921302136496,1.7850497899891815,1.8740983019928583,1.779623155721552
2022/09/12,2648264.5929617863,1.8659072724159698,1.84771000422598,1.8744178571510055,1.7937253351053306
2022/09/11,2226719.8584205788,1.9136299282259106,1.864663249647575,1.9389352111871632,1.848830434824499
2022/09/10,4633920.2573497575,1.8828300936829665,1.916739639718235,1.9500393671972038,1.881639838382653
2022/09/09,2761516.9099613638,1.8413184436476033,1.8838066578733228,1.9005235112460717,1.8385167248228949
2022/09/08,3253849.9980853735,1.8611281460337097,1.8396140730876829,1.9820462734206608,1.809219782898429
2022/09/07,10988597.683537379,1.645431898083225,1.855545513401866,2.1365899965404656,1.644494907105483
2022/09/06,3837643.292895869,1.6826047507714694,1.6509963519723747,1.7768420327197565,1.6201312163415036
2022/09/05,4733671.796366775,1.464618484298535,1.6813737781229894,1.6962467467929834,1.4539094011419746
2022/09/04,1012217.7087631018,1.4672304158635234,1.4645999330334032,1.4872764660182438,1.4535481874539515
2022/09/03,705271.365588209,1.4767448731836639,1.4672585845447104,1.491309682836579,1.4547685920254716
2022/09/02,837610.8499916848,1.4693958772469171,1.4767770605801671,1.4890732065447483,1.4493558770582267
2022/09/01,1025463.9237950691,1.4980940874642308,1.469399926736779,1.5018547615635693,1.4463030124932437
2022/08/31,2895186.2702046223,1.465155682052049,1.5001549758244834,1.5268861503201943,1.4591558469606052
2022/08/30,1741722.5815779676,1.3934152750026747,1.4643997614079076,1.4880196726639063,1.3858499967027957
2022/08/29,1004080.6147062266,1.33235434638797,1.395965513808856,1.426475039766571,1.3308538863230808
2022/08/28,709381.5142899521,1.3537566562612873,1.3323743424816326,1.3703130240535253,1.330782067468369
2022/08/27,770785.8739979215,1.3433249475165019,1.3535888221050942,1.3544553470982859,1.318588231568409
2022/08/26,2013819.3326626164,1.5048126952830692,1.3428344688674678,1.5050783083549921,1.3407966370472582
2022/08/25,1727855.2855348377,1.4517250227412386,1.5048618790602413,1.517772632123369,1.4280053884031867
2022/08/24,2644009.2178056757,1.466534758462821,1.4517536290494382,1.4817125818820314,1.400123578863723
2022/08/23,4793700.342813389,1.3150089578128357,1.466518438893749,1.4865134701162712,1.2907471691120838
2022/08/22,3795662.2337601576,1.1614084178964785,1.3150135603374047,1.3569194430559208,1.1158541671731776
2022/08/21,440729.10520608875,1.1602660458772718,1.1614084178964785,1.1751330748146038,1.1514807675917988
2022/08/20,619817.0827755944,1.1626321985731451,1.160265578119589,1.180124046935152,1.1510737718395054
2022/08/19,3407288.8523297147,1.2634727882863164,1.1644390999687655,1.2645499582958932,1.1146232398350795
2022/08/18,2127564.6946101715,1.1692088248990173,1.2616309729803972,1.2676229196658906,1.1594387434546234
2022/08/17,1507958.066572906,1.233438522353998,1.1692792552911169,1.262187002922787,1.166290625498457
2022/08/16,666258.987705827,1.2443560094794945,1.2335210299772832,1.252980422275606,1.2114613665519716
2022/08/15,955318.2813128821,1.2500138846394546,1.2443267545833334,1.290345765182398,1.2334538958065113
2022/08/14,368752.91380622983,1.2574015570799115,1.2499106034146221,1.2699357752488465,1.2432605346410532
2022/08/13,536260.6595283825,1.2569571632703953,1.2574015570799115,1.2747782685441167,1.2469633655133792
2022/08/12,443865.3140643836,1.2034968337900585,1.2570279127196495,1.2581585587435176,1.199848642818109
2022/08/11,771632.3182674446,1.2096778081585426,1.2035090875421652,1.2372645610121442,1.193204943240518
2022/08/10,1333345.8919220495,1.2353189282431971,1.2092374173970881,1.2678544101080795,1.2016362964910587
2022/08/09,1899937.245337383,1.2111735078028507,1.235343704813333,1.2834375697442273,1.1846767123544024
2022/08/08,1703831.1035354596,1.1139219722336167,1.2111602033811695,1.2268128878202624,1.1112732936498764
2022/08/07,1071051.500999457,1.0876746259353924,1.1141040062561691,1.1602752959141582,1.0805010824668633
2022/08/06,2996016.1316848886,1.0464568870881426,1.0879162560258733,1.16654969399179,1.0464152704293184
2022/08/05,1384382.9240659764,0.9633469459669719,1.0464344094549538,1.050436769185723,0.9633165384037552
2022/08/04,1514849.0524467076,0.9620717685719975,0.9634093660220385,0.9696796130734929,0.8857900470050493
2022/08/03,1658775.7503195298,0.9381437496606294,0.9621000765024452,1.038403598326931,0.9347057423792092
2022/08/02,896099.9745002575,0.9407732475360404,0.9381415862443613,0.9460522166247358,0.9157078708000792
2022/08/01,567621.8221361354,0.9821360214255377,0.9411540966072817,0.9855746106760163,0.9303191382357787
2022/07/31,785880.7494629709,0.9523347298906929,0.9822582366250993,1.0200479834157927,0.9500288983410389
2022/07/30,1090321.3600696027,0.8992108440970663,0.9514965705491384,0.9674459379720581,0.8826701982076316
2022/07/29,994919.2913271595,0.8869765356085055,0.899206387592031,0.9121056468250588,0.8810351130832452
2022/07/28,910178.6698768865,0.8818882246338875,0.8868654831316888,0.9172464578512618,0.8582241795591129
2022/07/27,890077.2373217357,0.8226587181812804,0.8818156217382049,0.8843903496178155,0.8132034112879151
2022/07/26,561463.7806029539,0.8502167632714789,0.8225382235468705,0.8647018392540841,0.8141134234864242
2022/07/25,616983.0546218548,0.9089441549676154,0.8502590982949746,0.9105021218191457,0.8501440440228948
2022/07/24,262216.5102567116,0.9112863350372282,0.9089481953028524,0.9238698109681591,0.9058443566124357
2022/07/23,266711.4337343027,0.9190979433060141,0.9109330433358042,0.9356780738973616,0.9031020547363175
2022/07/22,393838.7546135287,0.9102736555494245,0.9189461963954803,0.9331570218394156,0.9063946649048042
2022/07/21,534099.926506772,0.9345149754465597,0.9102959967154097,0.9400739738357637,0.9062352406559653
2022/07/20,1074497.4799806012,0.9604523335711138,0.9345862700878055,0.9751563568125287,0.9297304009940517
2022/07/19,787904.9161486451,0.9618011888355363,0.9604744620542198,0.9818218106940328,0.9393819171873988
2022/07/18,1174312.5109881542,0.9600770147178619,0.9617958171832074,1.0064206564705744,0.9242756630254061
2022/07/17,476376.67640889593,0.9464275454706634,0.9591651788315285,0.9782108161158507,0.9427249132479864
2022/07/16,389575.8217870901,0.9296516726351148,0.9465021662655834,0.9542227158344126,0.9117248322901756
2022/07/15,549411.4889070318,0.9374118624343593,0.9296467134290713,0.9500603385732084,0.9254843567047341
2022/07/14,614721.7278361856,0.8943578397959805,0.9374022313045158,0.9406260460535606,0.8856942809701635
2022/07/13,1334803.6011587153,0.9407572879096938,0.8939023269663533,0.9585703856228439,0.8808030834404681
2022/07/12,606637.8385084566,0.9928248371385237,0.9444066373495327,0.993856955609046,0.9421372442697492
2022/07/11,499151.1340191928,1.0565030932368458,0.992840790400429,1.0568568977214505,0.9902069138903241
2022/07/10,248573.47288840398,1.0701124862562754,1.0565225161140201,1.071970307128909,1.0475046532203909
2022/07/09,278268.24474170356,1.0783852121010158,1.0701124862562754,1.0799964418610546,1.0600287332360667
2022/07/08,472775.72329251806,1.064874956471222,1.0681385400609296,1.0808698196275588,1.0473351876711254
2022/07/07,951709.2124769276,1.0501675209952273,1.064874956471222,1.122448268929486,1.0338490684112016
2022/07/06,549139.5353058504,1.0516454326934448,1.0502543222878624,1.0612016661201245,1.0227542720811815
2022/07/05,611446.3207638309,1.1065760394482986,1.0516551370481548,1.1082903561545179,1.0333329339969273
2022/07/04,554469.6145881764,1.0874024889002112,1.1062679241101612,1.1081140278439339,1.054445962777537
2022/07/03,417651.47242437134,1.1086480809706258,1.0873837778891156,1.111661051894626,1.0743061636129643
2022/07/02,623362.9610123854,1.1287427214161465,1.1086480809706258,1.1400139579171504,1.1022308144231314
2022/07/01,718769.4692584563,1.094256897675707,1.1287405481102917,1.14420257085665,1.0764953592381723
2022/06/30,1515621.1571470131,1.2053060002962457,1.093880296932103,1.2099394864004809,1.0544954781279219
2022/06/29,1400096.6162270713,1.295173847206184,1.2053060002962457,1.3281588295491962,1.2039680051635715
2022/06/28,2659212.613550295,1.2659801216880104,1.2938050775292835,1.4124649919217487,1.2378273910259483
2022/06/27,1782998.4074900483,1.0464333325041344,1.266309169825438,1.3144842105924723,1.0455083204676934
2022/06/26,298390.36966089107,1.079572185713125,1.0464333325041344,1.0980387890714576,1.0460557752539597
2022/06/25,415467.51238492114,1.0921580575854408,1.0795731107837747,1.0921580575854408,1.05269792913799
2022/06/24,431545.3214902462,1.0966751961695471,1.092159542229358,1.1118922004029876,1.0775248635658579
2022/06/23,561487.4410451961,1.0566997356832997,1.0966751961695471,1.0971995097648752,1.0538028957381205
2022/06/22,841712.9061033444,1.0927489998408595,1.0567251319356314,1.0937231881977898,1.0293768287994067
2022/06/21,750718.3910757843,1.088586338866429,1.0926619733523828,1.1323748537113036,1.0553067503283773
2022/06/20,1893218.2575640208,0.9240757988532292,1.0865800843327658,1.1119878378429118,0.9058734230827723
2022/06/19,758026.0319892542,0.8141786211645483,0.9240545733372796,0.9244199739625433,0.7742337570278144
2022/06/18,755810.6352071398,0.857985980716622,0.8141786211645483,0.8645901584558464,0.7479473640170557
2022/06/17,512362.38316195534,0.8395368448196432,0.857985980716622,0.869593159613694,0.8292666822622516
2022/06/16,707219.0803927592,0.9214124811378216,0.8395368448196432,0.9436374013518631,0.8311006327452745
2022/06/15,1196285.9800801503,0.9489670837315666,0.9213687091753824,0.9489670837315666,0.8380455080714374
2022/06/14,854917.3857410097,0.9573733871336988,0.9486442332524759,1.001155636131846,0.9108080963622391
2022/06/13,1389719.85543401,1.0850410531719472,0.9585161477727637,1.0903021655031304,0.9425810470766857
2022/06/12,914539.1921759073,1.1483837555181593,1.0842959326755484,1.1532674389690443,1.075524285020565
2022/06/11,722828.478405165,1.2452299850457775,1.1483668845496462,1.252031850039057,1.1459612740645677
2022/06/10,636296.5430518076,1.2806508993306591,1.2456225170233635,1.283463879822257,1.2403606638017908
2022/06/09,672751.672168405,1.2569629482400313,1.2806522491195076,1.316458566169612,1.245657063482342
2022/06/08,421351.67256257334,1.2933321438352576,1.2569922472262922,1.2983654826295417,1.2541597790504428
2022/06/07,645774.1765423969,1.3183478561341146,1.292647491526488,1.3222295106566282,1.2595807487708452
2022/06/06,1055508.7920092542,1.2773531757016,1.3183461072215303,1.326734780385335,1.2737810519295312
2022/06/05,923702.8189005809,1.279908849844005,1.2773780640733887,1.3124446956088325,1.2616432425024235
2022/06/04,872620.1920115959,1.2532127455892925,1.279908849844005,1.2942435936637349,1.2428095449721137
2022/06/03,1159304.5992075282,1.229429242404996,1.255022930628985,1.255022930628985,1.1838445197324485
2022/06/02,831513.0464932406,1.2603613647561087,1.2294306561586696,1.2633061115152338,1.2086463832739822
2022/06/01,808970.5113021766,1.378826938729867,1.260286275343732,1.3798284672853893,1.2382957721510544
2022/05/31,1536030.3842391248,1.3841171833931951,1.3784898551827622,1.421951216753476,1.3661029590804665
2022/05/30,1827249.970421689,1.2753041099917124,1.381954231071742,1.3842808661227641,1.2582464538686988
2022/05/29,1835864.2217359452,1.2520494664181216,1.2749256831338216,1.278950193082281,1.1832831430483386
2022/05/28,1762609.5750219978,1.2195481281433502,1.2521031215719973,1.2801192419468561,1.1253367354654764
2022/05/27,2140006.37227339,1.2897924350106584,1.2156007071561115,1.3175039131753399,1.2137786274271385
2022/05/26,7398247.406812695,1.3739700031778181,1.2897925654093507,1.3739700031778181,1.2580882956207908
2022/05/25,10348287.891506562,1.3594584934412122,1.3740569085264378,1.4014411462240661,1.3170606904755737
2022/05/24,15125770.607554283,1.3637575756590588,1.358670736009135,1.3679818515016178,1.3365640933875809
2022/05/23,11680993.695004405,1.4630393971373814,1.364466089688105,1.4630394036696128,1.353629468941829
2022/05/22,1190259.0012844487,1.4270733066389976,1.4611340378444688,1.5098444354405438,1.4227202225902786
2022/05/21,877767.2654998987,1.4661134909020135,1.4309455796648831,1.4687711529918601,1.4090048182788153
2022/05/20,1279642.4720977384,1.5539886111286298,1.4676932646644112,1.5562244767554583,1.4559302550991278
2022/05/19,1540900.0387137064,1.553036950030822,1.5539873483715405,1.5951627522202245,1.5400973166726613
2022/05/18,1062678.647569015,1.6277096831165292,1.5529799531975503,1.6380018504712166,1.552378040995893
2022/05/17,1543170.4267128897,1.670307327284469,1.6286803765845939,1.701435254497391,1.546486476918935
2022/05/16,1795142.3678777912,1.6550692139019607,1.670556664001848,1.684337654938493,1.6009371876128353
2022/05/15,1075264.312233349,1.5770046445250205,1.6568066374120705,1.6589744168049825,1.5081567924147556
2022/05/14,1145473.6488484528,1.5313712925996363,1.5781520137063612,1.5850090202407814,1.4860910596457846
2022/05/13,1992505.5019955535,1.5009289263592167,1.5280463931508437,1.7323885593160877,1.4951686148748453
2022/05/12,3689754.4461895227,1.4474184151290053,1.512056994849308,1.5400782704039182,1.2922838795096458
2022/05/11,4511176.237676888,1.7643429877018213,1.4478513300107478,1.7731985391662217,1.3709717757643474
2022/05/10,2389789.451992936,1.7470243008244637,1.7706095232362962,1.8119476008666524,1.7037770126986989
2022/05/09,4343675.559524479,1.9441686677126369,1.7472763283734545,1.9920771403467608,1.7464371055363914
2022/05/08,2483652.354726158,1.7701099823931523,1.9425071080762228,1.942507757530513,1.6627356442634704
2022/05/07,702920.1692865224,1.8153399174187572,1.7671373193565272,1.830308310114982,1.7593228976150939
2022/05/06,1105573.009481166,1.8530777542382113,1.8217253549208647,1.8645190815809993,1.7849310947401167
2022/05/05,1375600.8101600548,1.958135530294694,1.8573414264865185,1.9653178973938312,1.8521755424262172
2022/05/04,1327787.357028074,1.8514128378979764,1.9591396634283027,1.976078882894605,1.8442365456364411
2022/05/03,1140401.5446114263,1.864750693824042,1.8514038227425886,1.8821022423030742,1.8247049777095208
2022/05/02,1730541.231299788,1.8704346586950567,1.864750693824042,1.8798615942939674,1.8049192448388078
2022/05/01,1717673.9328213192,1.875593901464971,1.870427690878644,1.9072030930446529,1.8595307941583796
2022/04/30,2567239.6452953387,1.9987512026876277,1.8755925090276186,2.0020220656075534,1.8513788354501137
2022/04/29,3566884.2593989195,2.2532641355047893,2.000281982079136,2.2587220627687055,2.000281982079136
2022/04/28,2193449.4015931855,2.2713111341763694,2.2529132216172494,2.341144838663913,2.2085068237703163
2022/04/27,5365496.364149089,2.1016584662613953,2.2709137369899346,2.3056806128045464,2.0916331966747848
2022/04/26,2365634.3023212836,1.9815912793970099,2.099454579556119,2.101714081973931,1.9473994668309746
2022/04/25,1182049.0253580934,2.004727704119749,1.982129220505912,2.004727704119749,1.9130207323496546
2022/04/24,1179663.6818245815,2.0354289193314545,2.0044147982744382,2.0620686561308452,1.9678597864581076
2022/04/23,1023404.9385868172,2.1457702794588807,2.0373626357785817,2.1457702794588807,2.026446143041736
2022/04/22,2078439.0740561285,2.15904169450807,2.142342762014048,2.2495375619472875,2.1299452571059403
2022/04/21,4440600.275766498,2.014605558193592,2.158731858249967,2.2989707791758547,2.013157308816361
2022/04/20,4046759.9537191847,1.987298027317191,2.014605558193592,2.0229521440248672,1.9603254375328611
2022/04/19,6191885.28502823,1.9736707701164873,1.9874821550768775,2.0444139929638614,1.9607644029685414
2022/04/18,4786555.282184706,1.980180190484402,1.974119583289613,1.989623549581594,1.9386878897740798
2022/04/17,4691949.658320229,2.0034448885651632,1.9805133052772532,2.0094405192584515,1.9476830782106167
2022/04/16,4781187.120074898,2.0050359067621404,2.0037929021595096,2.0292782636227593,1.966381235750795
2022/04/15,4515409.1132823285,1.9633104191491664,2.004870772510828,2.0060420105660057,1.9245590647183022
2022/04/14,3916521.2851566076,1.968039497639871,1.9634010247098286,1.9888132583859295,1.9147417663126791
2022/04/13,5764488.345457162,1.9823390780567147,1.968266190372577,1.9979365542211234,1.9199260909279765
2022/04/12,10448725.052561637,1.9368274132009282,1.9818153788788244,2.049684380487274,1.9367631802196215
2022/04/11,10777056.756532982,1.903960274266554,1.9378623392161674,1.9727831318836122,1.8310453491748055
2022/04/10,4770717.132485245,1.8241335580603526,1.903591560817759,1.9533491227856365,1.8080781319392878
2022/04/09,2992256.1741875983,1.8134583353586682,1.8258671448302777,1.8396259447518615,1.795711289108276
2022/04/08,4477819.030894313,1.8070488274348386,1.8134883815113714,1.8453648976258155,1.7913142603601186
2022/04/07,4915944.0234916285,1.6877147573070224,1.8070284369632748,1.8227493702021726,1.6793941096656702
2022/04/06,5510787.273183774,1.750286495933973,1.6883372670667085,1.752241017067016,1.654740938878878
2022/04/05,3555746.337441316,1.8063820681910165,1.7484036801222884,1.8189615961188783,1.7446680728617396
2022/04/04,4041012.7071025376,1.8734079502765137,1.807807893071452,1.8872170603347986,1.796400138574132
2022/04/03,3160054.4343506373,1.8687131394628225,1.8731279669962597,1.8925948633062764,1.8604667951042861
2022/04/02,3518513.6100685983,1.8915270427318498,1.867421778494997,1.91421147388153,1.8545944287210439
2022/04/01,3645337.305287488,1.872059750600204,1.890285988725956,1.9216433931002248,1.8120894418698839
2022/03/31,3522514.994118333,1.93418509439901,1.871146913037299,1.9662449141747946,1.864379049191157
2022/03/30,3577558.978106978,2.000390386337169,1.9333424710725753,2.007540873714139,1.8896454977181536
2022/03/29,4171329.9308286784,1.9480397769351814,1.9949417943459804,2.041353414828902,1.927506247672532
2022/03/28,4311617.704434469,1.900528947684979,1.9475772028670706,1.9995136377476697,1.8759565254160813
2022/03/27,2282961.6635065335,1.8952595967746153,1.9008385758566724,1.9228120746882658,1.8420449009272533
2022/03/26,1975288.8668547198,1.8439911419414736,1.8954573774034045,1.9067877977413907,1.8403655727412396
2022/03/25,2616731.4508588887,1.8418513956744835,1.843001748958852,1.9174771371363262,1.834897397030335
2022/03/24,1969122.401804181,1.849736668672508,1.842099181368922,1.8528769724962248,1.8196764025927155
2022/03/23,1859226.3809569166,1.8180499288277914,1.8512959882623372,1.8519158007159002,1.8001524053118438
2022/03/22,1852982.528351813,1.8208894972123897,1.8170841580109698,1.8530345708792582,1.816086253731235
2022/03/21,1442313.0866597854,1.8480665666937337,1.820843147220793,1.8508826983077653,1.8051364342675436
2022/03/20,799809.6389360933,1.8645356280764058,1.8477710027914416,1.8730647236761169,1.8184736847146095
2022/03/19,1045920.462040623,1.8555357521768383,1.8655264624039893,1.9048615099362725,1.8310447207232161
2022/03/18,629307.4762034426,1.8429996512780507,1.8549758711462756,1.8594219567848238,1.8087354121837584
2022/03/17,1238170.8867699269,1.9241275815033234,1.8411697624255252,1.944517276306025,1.8292440459419057
2022/03/16,1466607.02445949,1.904520021511374,1.92214346302371,1.9627131816373937,1.8494577018602818
2022/03/15,2276223.6174097788,1.8139781038844787,1.9019318638940557,1.9070854312644174,1.7672438626617537
2022/03/14,1962445.540955227,1.7638180881890437,1.814258945169128,1.8144634122658638,1.725667392703278
2022/03/13,1372401.896676883,1.8395327086755116,1.7709108293563731,1.8581737723490976,1.7670351391348065
2022/03/12,1881245.871745516,1.8116402559124771,1.8394897778618353,1.8790648949202013,1.7701369979548356
2022/03/11,2812510.773124503,1.8205042594603031,1.8126578198161623,1.9215894015343653,1.7490789850346435
2022/03/10,2231730.9906449676,1.7751163336784428,1.8212382696787217,1.8553624379271372,1.7064711504233028
2022/03/09,2830218.348518647,1.9391417910323234,1.7719387120276442,2.0315535946876997,1.764362123648052
2022/03/08,7231663.181937254,1.7879657881037685,1.9452038048130336,2.0553620025648107,1.7853004672425543
2022/03/07,5682397.832034746,1.619782034349221,1.7872710929318654,1.8282290753548132,1.5512885828888936
2022/03/06,2086687.6646913795,1.7719422249170995,1.620496479621703,1.7874504712538357,1.6006996555696411
2022/03/05,1363205.724403911,1.8141084031355321,1.773211127038906,1.8244836374187778,1.764024414621519
2022/03/04,2010411.3728842677,1.9741493347771857,1.8138912946834826,1.9787427626579763,1.8029332447597768
2022/03/03,1757766.8651763452,2.030786598215083,1.97473044288427,2.0374115816153116,1.9442611469410374
2022/03/02,2841202.440147291,2.0774775991944514,2.0314468825262453,2.09160754374551,1.9717474720434607
2022/03/01,3037441.245012022,2.10576761327719,2.077628322544157,2.133909838591685,2.0307969934957377
2022/02/28,4514652.469397701,2.0542454700822437,2.1063555563302607,2.107940137382051,1.9451783006814138
2022/02/27,3751222.0276103974,2.266291309103374,2.055055535228354,2.2809550520998623,2.0236705432600735
2022/02/26,1979493.871953958,2.2082011888992037,2.265971781630422,2.265971781630422,2.178745199772992
2022/02/25,2974084.2587842303,2.176288609761139,2.208126008414488,2.2708035611299575,2.1479523718949007
2022/02/24,7867751.033438459,2.3505509892476786,2.1770623301784813,2.3615933896558547,2.0092048867995
2022/02/23,2762281.267335335,2.462352630760889,2.3475678585075848,2.4882095120852847,2.3475678585075848
2022/02/22,5781401.366600465,2.225801663123875,2.4626233432821376,2.5294855183158926,2.1978958781720723
2022/02/21,5088079.092259166,2.3535453126231642,2.2277502029437133,2.41103135199684,2.226597020936714
2022/02/20,2099489.4135979647,2.465144367899833,2.3542573090645273,2.4670534802740414,2.3255639221358946
2022/02/19,1582402.426461337,2.46513254199147,2.4680010977371047,2.516418062809323,2.426422847526549
2022/02/18,2489558.0391615327,2.4373584343098207,2.465129724447176,2.50257620291905,2.3948785623230076
2022/02/17,3662506.3696621116,2.656878630605016,2.4324730702224393,2.6744319887433465,2.405130678614655
2022/02/16,3361651.1829916304,2.708430817777656,2.6627550537301534,2.708430817777656,2.618805057864221
2022/02/15,3052825.2700505173,2.662122014658767,2.7085553502147137,2.7233631466127903,2.661849596873123
2022/02/14,3383246.13215341,2.6955336558321283,2.664151991992463,2.721780207675052,2.651589034606605
2022/02/13,6867222.664255442,2.680172434747205,2.695257560130854,2.863671298021866,2.671486421119124
2022/02/12,5642752.9939669045,2.6081509018814293,2.6776371017787666,2.777560965903471,2.599224403736019
2022/02/11,5264645.190446739,2.814644742932419,2.608987608589153,2.8396841155814663,2.575919138628395
2022/02/10,3858596.0263872193,2.8478082897359855,2.8155112475285273,2.8538083855432532,2.701725834391179
2022/02/09,3493860.7641470223,2.7760373450538527,2.848230089697126,2.857658616318935,2.7436023615182847
2022/02/08,4070543.2216704627,2.8460026255421598,2.776666071346166,2.859738837747813,2.707903221231949
2022/02/07,6495918.141830684,2.793942858457871,2.845699334027864,2.9248236581457885,2.7579448893548517
2022/02/06,3692786.142975662,2.729557816534646,2.7887356518186137,2.7964758127211007,2.702487764678639
2022/02/05,4520113.312131772,2.713119979509259,2.7297742911885923,2.789733625446885,2.6401496422753157
2022/02/04,6407265.346077585,2.6245097520604035,2.712746983888171,2.7354527681174803,2.6097715563420962
2022/02/03,4768365.202447277,2.7260913666335256,2.6206883540493666,2.787105752537955,2.5609951736465475
2022/02/02,5399506.932193895,2.79569177469887,2.725122621781405,2.8202978980847,2.6619848652546203
2022/02/01,6134600.975941289,2.593643657015471,2.795486879685659,2.8163637061274827,2.522063177206345
2022/01/31,4558208.330466692,2.476335094289639,2.5943774248825537,2.6262370575804534,2.3953709631293316
2022/01/30,5844530.713271009,2.6783697133240403,2.476799791901243,2.781960023827951,2.4268248813990514
2022/01/29,9110648.49636814,2.2954377176788103,2.681050654494056,2.6923813990711074,2.287278505422022
2022/01/28,3880869.19315499,2.188151792065285,2.29574122841899,2.298141178979521,2.133815288793984
2022/01/27,3352307.4793622266,2.148557476219705,2.1869096240478054,2.277286394928818,2.079951592509394
2022/01/26,5182971.656536693,2.2338105048980035,2.144505852155312,2.324801002511486,2.0991533693288673
2022/01/25,5465543.616133336,2.350188232222802,2.2364212789512723,2.3602035257740805,2.184155099458919
2022/01/24,6109232.765098762,2.6319233315954396,2.350181022148617,2.6460361536343147,2.191809424783925
2022/01/23,4001833.167905672,2.645171026594504,2.6313226862642756,2.761858622869637,2.53964511316114
2022/01/22,8117742.058266435,2.9753553658326597,2.6439973958475607,3.009768170473063,2.5530408248010064
2022/01/21,13154667.071639461,3.091003532538384,2.972889136174766,3.7822547508476205,2.9259017621929226
2022/01/20,6665315.592037907,3.1839434544385954,3.0906648603271973,3.472066837456085,3.084818923216453
2022/01/19,3888268.49105017,3.238204625219858,3.186031166245212,3.290675533276114,3.1030646405018505
2022/01/18,3842043.5136489286,3.259418813645011,3.2409330558383806,3.304901620011533,3.135162170896092
2022/01/17,5152542.075777481,3.531109793652476,3.2618352894282365,3.531109793652476,3.181977931333216
2022/01/16,3562620.136008241,3.5621702217040054,3.530998573505289,3.6196237242922997,3.4534312085150036
2022/01/15,5316884.483681439,3.7028887227995777,3.563853402567381,3.7090516922388783,3.558184252807713
2022/01/14,10932674.082363635,3.6477414107987016,3.7023105673043646,3.7726383914861534,3.404656389084895
2022/01/13,16971266.54492389,3.524033363123192,3.646605778359425,3.970776718882759,3.3764207263197186
2022/01/12,9911066.24854586,2.94248003014885,3.5236937392346848,3.57916143774362,2.8424389025457018
2022/01/11,4120112.088012594,2.6690372364977097,2.9403363971567047,2.955541935562697,2.618950339598152
2022/01/10,3990477.732954163,2.764422568453272,2.669037010290982,2.765318088072661,2.551945106695868
2022/01/09,4391751.526233772,2.813722574523463,2.7651150916272047,2.8280655159150916,2.6661775621060637
2022/01/08,5392196.030174138,3.075259749690309,2.813715675890302,3.084010443084926,2.7641435575669444
2022/01/07,5699983.036143874,3.493544125211157,3.0753009210486537,3.493544125211157,3.068987174287223
2022/01/06,8245593.379940882,3.319964786117321,3.4978223426325368,3.535073072746025,3.0599946112437766
2022/01/05,4788390.6481682025,3.4535027249947676,3.3211681113987352,3.4994748005280276,3.283171157384251
2022/01/04,5758971.4613767145,3.380509307087781,3.453615587154978,3.5138080685509907,3.3470356327746202
2022/01/03,5618956.389924692,3.4900336100673615,3.3813276436693904,3.6277109188097922,3.331290839323239
2022/01/02,4665372.340442978,3.707152943317609,3.49059933490821,3.7179674402816296,3.438885311836855
2022/01/01,4212684.746037027,3.6860025399564265,3.707615217476024,3.772712463894592,3.642177574763683
2021/12/31,5011985.511869345,3.7787578834809183,3.685249053901701,3.8501733283875152,3.6292784823612307
2021/12/30,5717385.375713266,3.8846032948278832,3.767143106687109,3.9106549984782935,3.5585863345841418
2021/12/29,3440481.8031419097,3.863131792550192,3.8843469435697866,4.06311332304085,3.8495804421630053
2021/12/28,5540508.628765991,3.847474876554489,3.865907537074857,4.138601677938428,3.8018764326724432
2021/12/27,7469505.38702354,4.4272541278198645,3.840223734825944,4.4340515321006375,3.8126065841385626
2021/12/26,12446591.399898836,4.335971036528187,4.43199983620056,4.579498963254143,4.191663829249751
2021/12/25,28370819.06042695,4.133665769861903,4.337783694769184,4.9407986830021855,4.071535856004175
2021/12/24,22800734.398817196,3.5139789703611886,4.123932239575802,4.205035591009098,3.495074932147753
2021/12/23,30471322.31559573,2.3997229903360875,3.5148599374953164,3.7646989205666346,2.3428147025209904
2021/12/22,1608796.115211812,2.373156045136996,2.4002351885772226,2.421136336111522,2.3424629295665005
2021/12/21,1571465.1862545428,2.287590612253545,2.3731938356409215,2.3986294999833246,2.264396033659364
2021/12/20,1228847.3592803525,2.35822344775384,2.288703902245792,2.3851589182168653,2.264094544833095
2021/12/19,1174300.9646806824,2.465099112093468,2.357772286749574,2.4770257268014344,2.341216549260236
2021/12/18,1399978.6552389497,2.54602678004043,2.4650300100871623,2.623726746117141,2.454007011193707
2021/12/17,2170291.503643859,2.4831760023575002,2.5456727647474335,2.591129352311014,2.3933101377282213
2021/12/16,2655175.3721497245,2.6444527986381274,2.4835114600904413,2.686919534707633,2.478481648014033
2021/12/15,2912325.3635514206,2.5313960549958594,2.6410624824223143,2.6973111782984214,2.4512067905351183
2021/12/14,2093607.3888680413,2.3292176510399463,2.5310830083553477,2.5328432857941623,2.3278293128719296
2021/12/13,2276647.67833489,2.642584546455641,2.329425320341435,2.6539307301402726,2.2606850556775355
2021/12/12,1766759.8519876308,2.553179247960744,2.6420118471890865,2.6974265807538917,2.5311799069733336
2021/12/11,1350436.0645402095,2.4136317646198435,2.553179437943262,2.5537811134647623,2.3930961579015064
2021/12/10,6978061.0552356355,2.5683849420543994,2.4142577485985557,2.678923814345997,2.28968569188114
2021/12/09,2572774.3509112997,2.739375016217343,2.5732416059679286,2.769135884752222,2.502357956600541
2021/12/08,3650248.8454182437,2.5345865128100673,2.739799946972922,2.768769786504631,2.468548082697823
2021/12/07,5718868.061603447,2.1250884809380697,2.5354296999665107,2.634471328304425,2.1167303107091744
2021/12/06,2695962.507120657,1.840051396657487,2.124169761595984,2.126644315687058,1.8298609655643672
2021/12/05,1922567.792204543,1.8214826059875187,1.85079731119454,1.864769666353129,1.7754994521201701
2021/12/04,2973992.4830109095,2.135351474011827,1.8258953824037705,2.1646086528483064,1.761936896908472
2021/12/03,3603883.6202676995,2.2532014495848376,2.137381455547086,2.2738416295680834,2.014421749943647
2021/12/02,5625081.799546763,2.7407594066149543,2.253201548430791,2.7468011327881507,2.209789734115568
2021/12/01,2866271.9123385865,2.9590731164781268,2.7448089819636627,2.973385669407843,2.701105664201481
2021/11/30,2222727.0244550877,2.9762586809035203,2.957138815034988,3.008103521514412,2.950644062430859
2021/11/29,1998000.7738397452,3.0258942951087424,2.9749679198044845,3.0796730002651636,2.9607676337970146
2021/11/28,2119933.791071394,3.0809816840637563,3.025846473974521,3.0892583053081095,2.853756245946981
2021/11/27,1862831.7111579208,3.008987558152662,3.0809816840637563,3.1649597107443856,2.992990158135637
2021/11/26,5874788.166314299,3.375644121537708,3.0089895634751476,3.395085632888121,2.9508655500354117
2021/11/25,4767452.346736179,3.5046526712719515,3.3760440393674394,3.521683047660844,3.2727182366568677
2021/11/24,2064985.947988241,3.5095439304867204,3.500198943996102,3.5701924089577606,3.5001843560880133
2021/11/23,2014093.5542903359,3.499658277631953,3.509121495920141,3.586153160027777,3.4989723283293865
2021/11/22,3145629.255641613,3.7274009671324873,3.4994801895697325,3.8053342048442254,3.4973114678559885
2021/11/21,2834137.748033518,3.7586291850926816,3.727589437387504,3.792443201114835,3.662582885518844
2021/11/20,3528961.620916269,3.8168900942058324,3.7586291850926816,3.8469901998767706,3.586794229086192
2021/11/19,3795286.7402877044,3.8321570458924015,3.8157490512303704,3.9049546218250755,3.791445693255949
2021/11/18,5736402.1530105835,4.100187878993129,3.8366847751254527,4.1021910060610285,3.762507468735306
2021/11/17,8142140.10435378,4.222907814875881,4.100366737217893,4.348487517086069,4.087349612021464
2021/11/16,8482440.542835124,3.8870062424970655,4.225962486045718,4.314364667927405,3.7525073297404283
2021/11/15,5503581.174659528,3.512713622277005,3.887109474134832,3.954175018969821,3.512713606166554
2021/11/14,5972347.852886891,3.9214867105367746,3.5084332726786056,3.946199844533904,3.308408796551767
2021/11/13,7615290.652089824,4.426814555155585,3.9073104600913755,4.438228667677936,3.8495595402157257
2021/11/12,8753639.08903843,4.148524372716271,4.426814555155585,5.315531458998078,3.996926530947455
2021/11/11,13707732.464200655,3.4687774959384403,4.151065261821375,4.82319983563887,3.319145695351259
2021/11/10,5469652.932055243,2.7768921142597596,3.4687774959384403,4.091510303673099,2.679662437968079
2021/11/09,2096869.2090116334,2.808131339800408,2.7768921142597596,3.1581810755429474,2.496101965418301
2021/11/08,2330939.932535487,2.836176464968948,2.808131339800408,3.6501213625819093,2.6461119754518614
2021/11/07,3140003.506346565,1.4026548457698396,2.836176464968948,3.350732343398442,1.4026548457698396
2021/11/06,1471385.3278753255,0.9643493621176454,1.4026548457698396,1.4439750034025192,0.9208727961982213
2021/11/05,555386.7824766686,0.8623413574909374,0.9643493621176454,0.9982202976940449,0.8275926737842321
2021/11/04,640705.2811446745,0.7760734663400167,0.8623413574909374,0.9191195794926698,0.7578065499481773
2021/11/03,193112.57660392066,0.7589569472366209,0.7760734663400167,0.802235201582571,0.746879022497732
2021/11/02,201220.74956016624,0.7713260622372984,0.7589569472366209,0.8075388136367135,0.7564165056551663
2021/11/01,170026.07950241043,0.7776118185509243,0.7713260622372984,0.7960457929575483,0.7650410943640488
2021/10/31,145057.6641325955,0.7926096514403914,0.7776118185509243,0.7978987640479108,0.7626652134579014
2021/10/30,96189.83400415149,0.819395445277285,0.7926096514403914,0.8215686858231098,0.771140795177754
2021/10/29,235192.81287809138,0.736428344791973,0.819395445277285,0.8267140850486598,0.7347827185058439
2021/10/28,233028.87225222593,0.731504741074707,0.736428344791973,0.7923026634380406,0.7193974848131776
2021/10/27,317032.3768029399,0.8128983157741478,0.7312861019123873,0.8340934476765945,0.7294159564789621
2021/10/26,195027.4055802393,0.7656979645887716,0.7993683356535609,0.8431664530101542,0.7227929994227481
2021/10/25,112224.05817885508,0.7907306208327891,0.7656979645887716,0.8102449043073539,0.7353905074854089
2021/10/24,150402.42417496486,0.7957791986544958,0.7907306208327891,0.8145801665365551,0.7515189602256428
2021/10/23,91807.6056757134,0.7474562089438278,0.7957791986544958,0.7961481175617525,0.7317482306006442
2021/10/22,101843.06854605446,0.733827791722989,0.7474562089438278,0.7650630529476228,0.6875276370979824
2021/10/21,79473.84279825797,0.8354951188743489,0.733827791722989,0.8354951188743489,0.6980991143837958
2021/10/20,286480.9905770695,0.7415199384467911,0.8354951188743489,0.8655242545737183,0.6900075267522214
2021/10/19,161754.34451974084,0.7645152699249752,0.7415199384467911,0.8088046375186719,0.6410891697510873
2021/10/18,182944.9233531288,0.7609465706467493,0.7645152699249752,0.8026160900173298,0.7328173312729086
2021/10/17,196604.84091433208,0.7888585729696156,0.7609465706467493,0.840063630943572,0.712893065820603
2021/10/16,328189.511385666,0.7481418566571189,0.7888585729696156,0.8381832055321775,0.7293680059446948
2021/10/15,90027.56804436014,0.7171464511884945,0.7481418566571189,0.793523408897356,0.6968435869797683
2021/10/14,73657.7033897379,0.7631808447009752,0.7171464511884945,0.7748642860649764,0.6915171268618281
2021/10/13,40465.53868532259,0.7555803004865328,0.7631808447009752,0.773724109463065,0.7183641668149566
2021/10/12,50085.640806910924,0.7892686599657582,0.7555803004865328,0.8017969606292598,0.7290844999461521
2021/10/11,79805.06821577217,0.7844685968825992,0.7892686599657582,0.8412883743225158,0.745163639365211
2021/10/10,137391.0435017937,0.8227925128268787,0.7844685968825992,0.9307737456753322,0.7703483881058032
2021/10/09,251944.17359587597,0.7256021120132784,0.8227925128268787,0.9311484025087896,0.7256021120132784
2021/10/08,40304.825657201516,0.7211307247959994,0.7256021120132784,0.7538130332647615,0.7016863124404279
2021/10/07,33567.45952589977,0.7797710863694474,0.7211307247959994,0.7797710863694474,0.6793986498228964
2021/10/06,119948.20944050915,0.8434101310672816,0.7797710863694474,0.8516765072232887,0.6445872843202335
2021/10/05,229780.9962934417,0.7603298556758952,0.8434101310672816,0.8442017375414831,0.6718183223743032
2021/10/04,57835.57472095123,0.743722585807103,0.7603298556758952,0.7740827828274589,0.6718191580061144
2021/10/03,102356.51137483447,0.8169625783928026,0.743722585807103,0.8222355828949213,0.6726526415655021
2021/10/02,38169.91418227028,0.8263550543381605,0.8169625783928026,0.8297481723110689,0.7967052346799766
2021/10/01,68331.97986681688,0.7561025807509175,0.8263550543381605,0.832643529428006,0.7380555169912851
2021/09/30,103719.76534474004,0.717665507222608,0.7561025807509175,0.7687957914894663,0.717665507222608
2021/09/29,25971.37816245856,0.7088745393855082,0.717665507222608,0.7595465994927806,0.7088745393855082
2021/09/28,93288.90250339209,0.7610525269381498,0.7088745393855082,0.7812968435817124,0.7023699881583347
2021/09/27,169950.21948477934,0.7349249992900492,0.7610525269381498,0.8043247460021661,0.732819056593176
2021/09/26,214460.91282536913,0.7140746384629,0.7349249992900492,0.7447886392979307,0.6864997663582729
2021/09/25,25662.22592709981,0.7229501245587165,0.7140746384629,0.7354723412002844,0.7031624204379086
2021/09/24,55300.22484890314,0.7637082223866789,0.7229501245587165,0.7637082223866789,0.6678150567826172
2021/09/23,397008.81625731196,0.6196796436171496,0.7637082223866789,0.7870457288236431,0.5995248262950247
2021/09/22,119736.17062495126,0.6086802294512481,0.6196796436171496,0.646116548041517,0.5376053229227246
2021/09/21,169685.49902206883,0.6011587244158971,0.6086802294512481,0.6324660022780295,0.5141314769050497
2021/09/20,425439.84383461607,0.6899783098904934,0.6011587244158971,0.6899783098904934,0.3837485030157117
2021/09/19,43036.56104432067,0.7227243006118544,0.6899783098904934,0.7227243006118544,0.6579754758884823
2021/09/18,93966.80663910808,0.7730663191723522,0.7227243006118544,0.7873478822117335,0.6329224980077238
2021/09/17,245447.9223728923,0.8054367855173014,0.7730663191723522,0.8538301792864872,0.6498593990224933
2021/09/16,208116.91746507198,0.8740163263279714,0.8054367855173014,0.8762308454713066,0.7220105264064498
2021/09/15,142972.35133741554,0.8822497550265548,0.8740163263279714,0.9012569211266839,0.8166618937139577
2021/09/14,106021.44141693077,0.8570748000515889,0.8822497550265548,0.8982889572331142,0.8095410243430942
2021/09/13,160409.19524073065,0.8835036006398059,0.8570748000515889,0.8924127611069009,0.7589195456718069
2021/09/12,100589.5922767446,0.9376877163471273,0.8835036006398059,0.943697508307144,0.8458100037680738
2021/09/11,106471.77812579562,0.8768942915203807,0.9376877163471273,0.9546763965899911,0.8415088085941681
2021/09/10,223930.90736324762,0.8482504697526323,0.8768942915203807,0.9733070444010795,0.8056506580273364
2021/09/09,101133.30848746332,0.8629496090093017,0.8482504697526323,0.8896670084547931,0.8269338915760016
2021/09/08,112673.60087324596,0.8211558340105027,0.8629496090093017,0.9105367161092195,0.7477914103533182
2021/09/07,261281.1782922264,1.0482848994749163,0.8211558340105027,1.0482848994749163,0.7630102429894073
2021/09/06,241442.70993013916,0.9829460303289675,1.0482848994749163,1.0732706934105538,0.9169995849029386
2021/09/05,51438.88153438542,0.9439409097995763,0.9829460303289675,0.9829460303289675,0.9188507665550968
2021/09/04,325754.07342725457,0.9995460892477712,0.9439409097995763,1.0620401635214511,0.899031642955526
2021/09/03,364270.1667208834,0.8882637524160318,0.9995460892477712,1.0080551483859295,0.7706484700631829
2021/09/02,229783.58002443274,0.8804225862717971,0.8882637524160318,0.9983453502237007,0.8027714921317803
2021/09/01,1080052.750844931,1.0139130674246253,0.8804225862717971,1.0860376156264384,0.7876158691689854
2021/08/31,1317655.1867759593,0.8795318714013496,1.0454005711983454,1.148265440212385,0.7985561373319898
2021/08/30,695679.9387338898,0.5480152453208552,0.8795318714013496,0.9392485995153664,0.5453157503335772
2021/08/29,110544.73086946421,0.6027680146444033,0.5480152453208552,0.610970899578377,0.5145276631414578
2021/08/28,116685.64159206413,0.6182630038651458,0.6027680146444033,0.6337468030905122,0.5315015915363006
2021/08/27,204560.17855728525,0.49337738595503466,0.6182630038651458,0.6191915548756728,0.4639959955399285
